index,x_m,y_m,z_m
0,50.50099999999978,50.49999999999977,50.02042999999999
1,51.30460721442864,51.303607214428645,50.022246152304604
2,52.108214428857515,52.10721442885752,50.024062304609224
3,52.91182164328638,52.91082164328638,50.02587845691383
4,53.71542885771525,53.714428857715255,50.027694609218436
5,54.51903607214412,54.51803607214413,50.02951076152305
6,55.32264328657298,55.321643286573,50.03132691382766
7,56.126250501001856,56.125250501001865,50.03314306613227
8,56.929857715430735,56.928857715430745,50.034959218436875
9,57.73346492985959,57.73246492985961,50.03677537074147
10,58.537072144288466,58.536072144288475,50.038591523046094
11,59.340679358717324,59.33967935871734,50.04040767535071
12,60.1442865731462,60.14328657314622,50.042223827655306
13,60.94789378757507,60.94689378757509,50.04403997995992
14,61.75150100200393,61.75050100200396,50.04585613226452
15,62.5551082164328,62.55410821643283,50.047672284569146
16,63.35871543086167,63.357715430861695,50.049488436873744
17,64.16232264529054,64.16132264529057,50.05130458917836
18,64.9659298597194,64.96492985971942,50.05312074148297
19,65.76953707414827,65.7685370741483,50.05493689378758
20,66.57314428857714,66.57214428857716,50.05675304609219
21,67.376751503006,67.37575150300604,50.058569198396796
22,68.18035871743487,68.17935871743492,50.0603853507014
23,68.98396593186374,68.98296593186379,50.062201503006015
24,69.78757314629262,69.78657314629264,50.064017655310636
25,70.5911803607215,70.59018036072155,50.065833807615235
26,71.39478757515033,71.39378757515037,50.06764995991985
27,72.19839478957923,72.19739478957926,50.069466112224454
28,73.0020020040081,73.00100200400816,50.07128226452906
29,73.80560921843697,73.80460921843701,50.07309841683367
30,74.60921643286584,74.60821643286587,50.0749532147662
31,75.4128236472947,75.41182364729475,50.07947441524331
32,76.21643086172357,76.2154308617236,50.08656871743487
33,77.02003807615243,77.0190380761525,50.09368867735471
34,77.8236452905813,77.82264529058135,50.100808637274554
35,78.62725250501018,78.62625250501023,50.107928597194395
36,79.43085971943904,79.4298597194391,50.115048557114235
37,80.23446693386788,80.23346693386794,50.122168517034076
38,81.03807414829677,81.03707414829684,50.12928847695392
39,81.84168136272562,81.84068136272569,50.13640843687375
40,82.6452885771545,82.64428857715455,50.143528396793585
41,83.44889579158335,83.44789579158342,50.15064835671343
42,84.25250300601222,84.25150300601229,50.157768316633266
43,85.0561102204411,85.05511022044116,50.164888276553114
44,85.85971743486995,85.85871743487003,50.17200823647295
45,86.66332464929884,86.66232464929891,50.17912819639279
46,87.46693186372771,87.46593186372777,50.18624815631263
47,88.27053907815656,88.26953907815663,50.19336811623248
48,89.07414629258543,89.0731462925855,50.20048807615231
49,89.87775350701428,89.87675350701436,50.207608036072145
50,90.68136072144314,90.68036072144322,50.214727995991986
51,91.484967935872,91.48396793587209,50.22184795591183
52,92.28857515030089,92.28757515030095,50.22896791583166
53,93.09218236472975,93.09118236472983,50.23608787575151
54,93.89578957915863,93.8947895791587,50.243207835671356
55,94.69939679358748,94.69839679358756,50.25032779559119
56,95.50300400801635,95.50200400801643,50.25744775551102
57,96.30661122244521,96.30561122244528,50.26456771543086
58,97.11021843687408,97.10921843687416,50.27168767535069
59,97.91382565130294,97.91282565130301,50.27880763527054
60,98.71743286573181,98.71643286573189,50.28592759519039
61,99.52104008016065,99.52004008016073,50.293011983445844
62,100.32464729458952,100.3236472945896,50.30355981287626
63,101.12825450901838,101.12725450901847,50.31948887775552
64,101.93186172344727,101.93086172344735,50.335307082164334
65,102.73546893787612,102.73446893787622,50.35112528657316
66,103.53907615230499,103.53807615230508,50.36694349098197
67,104.34268336673387,104.34168336673395,50.3827616953908
68,105.1462905811627,105.14529058116281,50.398579899799614
69,105.94989779559158,105.94889779559168,50.41439810420843
70,106.75350501002046,106.75250501002056,50.43021630861725
71,107.55711222444931,107.5561122244494,50.44603451302607
72,108.36071943887818,108.35971943887829,50.46185271743488
73,109.16432665330701,109.16332665330712,50.477670921843696
74,109.96793386773591,109.96693386773602,50.493489126252506
75,110.77154108216476,110.77054108216487,50.50930733066133
76,111.57514829659364,111.57414829659375,50.52512553507016
77,112.37875551102248,112.37775551102258,50.54094373947897
78,113.18236272545137,113.18136272545148,50.556761943887786
79,113.9859699398802,113.98496993988032,50.5725801482966
80,114.7895771543091,114.78857715430921,50.588398352705426
81,115.59318436873795,115.59218436873805,50.60421655711424
82,116.39679158316683,116.39579158316694,50.62003476152306
83,117.20039879759567,117.19939879759576,50.635852965931875
84,118.00400601202455,118.00300601202466,50.65167117034069
85,118.80761322645341,118.80661322645352,50.66748937474951
86,119.61122044088228,119.61022044088237,50.68330757915833
87,120.41482765531114,120.41382765531124,50.69912578356715
88,121.21843486974,121.21743486974012,50.71494398797596
89,122.02204208416886,122.02104208416897,50.73076219238478
90,122.82564929859774,122.82464929859783,50.74658039679361
91,123.62925651302658,123.6282565130267,50.76239860120241
92,124.43286372745547,124.43186372745559,50.77821680561123
93,125.23647094188432,125.23547094188443,50.802847638033604
94,126.0400781563132,126.03907815631331,50.84371053707417
95,126.84368537074205,126.84268537074216,50.88571347895795
96,127.6472925851709,127.64629258517101,50.927716420841726
97,128.45089979959974,128.44989979959985,50.969719362725485
98,129.25450701402863,129.25350701402874,51.01172230460925
99,130.05811422845747,130.0571142284576,51.05372524649302
100,130.86172144288633,130.86072144288647,51.09572818837679
101,131.6653286573152,131.66432865731534,51.13773113026056
102,132.46893587174407,132.46793587174417,51.17973407214432
103,133.27254308617296,133.27154308617307,51.221737014028086
104,134.0761503006018,134.0751503006019,51.26373995591186
105,134.87975751503066,134.87875751503077,51.305742897795625
106,135.68336472945953,135.68236472945964,51.34774583967939
107,136.48697194388836,136.4859719438885,51.38974878156316
108,137.29057915831723,137.28957915831737,51.431751723446936
109,138.0941863727461,138.09318637274623,51.4737546653307
110,138.89779358717496,138.89679358717507,51.51575760721447
111,139.70140080160382,139.70040080160396,51.55776054909825
112,140.5050080160327,140.5040080160328,51.599763490982006
113,141.30861523046153,141.30761523046166,51.641766432865765
114,142.11222244489042,142.11122244489053,51.68376937474953
115,142.9158296593193,142.91482965931942,51.7257723166333
116,143.71943687374812,143.71843687374826,51.76777525851706
117,144.523044088177,144.5220440881771,51.80977820040084
118,145.32665130260585,145.32565130260602,51.851781142284615
119,146.1302585170347,146.12925851703483,51.893784084168374
120,146.93386573146356,146.93286573146372,51.93578702605213
121,147.73747294589245,147.73647294589256,51.977789967935905
122,148.54108016032126,148.5400801603214,52.01979290981967
123,149.34468737475018,149.3436873747503,52.061795851703444
124,150.14829458917902,150.14729458917913,52.103747445873765
125,150.95190180360788,150.95090180360802,52.1596164368738
126,151.75550901803672,151.75450901803683,52.21329418436878
127,152.55911623246564,152.55811623246575,52.26697193186378
128,153.36272344689448,153.3617234468946,52.320649679358766
129,154.16633066132337,154.1653306613235,52.37432742685377
130,154.96993787575218,154.9689378757523,52.428005174348755
131,155.77354509018107,155.77254509018124,52.48168292184374
132,156.5771523046099,156.57615230461002,52.53536066933874
133,157.3807595190388,157.37975951903894,52.589038416833716
134,158.1843667334676,158.18336673346775,52.642716164328704
135,158.9879739478965,158.98697394789667,52.6963939118237
136,159.79158116232534,159.79058116232545,52.750071659318685
137,160.59518837675427,160.59418837675437,52.80374940681368
138,161.39879559118305,161.39779559118318,52.85742715430867
139,162.20240280561197,162.2014028056121,52.91110490180366
140,163.00601002004078,163.0050100200409,52.96478264929865
141,163.80961723446964,163.80861723446978,53.01846039679364
142,164.61322444889848,164.61222444889862,53.07213814428863
143,165.4168316633274,165.4158316633275,53.12581589178362
144,166.22043887775624,166.21943887775635,53.179493639278604
145,167.0240460921851,167.02304609218524,53.2331713867736
146,167.82765330661397,167.82665330661408,53.28684913426859
147,168.6312605210428,168.63026052104297,53.34052688176359
148,169.43486773547167,169.43386773547178,53.394204629258574
149,170.23847494990054,170.23747494990067,53.44788237675356
150,171.04208216432937,171.0410821643295,53.50156012424854
151,171.84568937875827,171.8446893787584,53.55523787174354
152,172.64929659318713,172.64829659318724,53.608915619238545
153,173.45290380761597,173.45190380761613,53.66259336673352
154,174.25651102204486,174.25551102204497,53.716271114228505
155,175.06011823647367,175.0591182364738,53.77826687381183
156,175.86372545090256,175.8627254509027,53.86953740681373
157,176.6673326653314,176.6663326653315,53.96597991583177
158,177.47093987976027,177.4699398797604,54.0624224248498
159,178.27454709418913,178.27354709418927,54.15886493386783
160,179.07815430861797,179.07715430861813,54.25530744288587
161,179.88176152304686,179.880761523047,54.35174995190391
162,180.68536873747573,180.68436873747584,54.448192460921945
163,181.48897595190456,181.4879759519047,54.54463496993998
164,182.29258316633343,182.29158316633357,54.64107747895801
165,183.09619038076232,183.09519038076246,54.73751998797606
166,183.89979759519113,183.8987975951913,54.833962496994076
167,184.70340480961994,184.7024048096201,54.93040500601211
168,185.5070120240489,185.506012024049,55.026847515030155
169,186.3106192384777,186.30961923847784,55.12329002404819
170,187.1142264529066,187.1132264529067,55.21973253306623
171,187.9178336673354,187.9168336673355,55.31617504208427
172,188.72144088176432,188.72044088176443,55.4126175511023
173,189.52504809619313,189.52404809619324,55.50906006012033
174,190.32865531062205,190.32765531062216,55.60550256913839
175,191.13226252505083,191.13126252505097,55.7019450781564
176,191.93586973947976,191.93486973947986,55.798387587174446
177,192.73947695390854,192.73847695390867,55.89483009619248
178,193.54308416833746,193.5420841683376,55.99127260521052
179,194.34669138276627,194.34569138276638,56.08771511422856
180,195.1502985971952,195.1492985971953,56.1841576232466
181,195.95390581162397,195.95290581162413,56.280600132264624
182,196.75751302605292,196.75651302605303,56.377042641282664
183,197.56112024048173,197.56012024048184,56.473485150300704
184,198.36472745491062,198.36372745491076,56.569927659318736
185,199.16833466933946,199.1673346693396,56.666370168336776
186,199.97194188376832,199.97094188376846,56.7450750618432
187,200.77554909819713,200.77454909819727,56.811518176352756
188,201.57915631262605,201.5781563126262,56.85843276553111
189,202.38276352705486,202.381763527055,56.90534735470948
190,203.18637074148378,203.1853707414839,56.95226194388782
191,203.98997795591256,203.98897795591267,56.99917653306618
192,204.79358517034146,204.79258517034157,57.04609112224454
193,205.59719238477032,205.59619238477043,57.0930057114229
194,206.40079959919916,206.3997995991993,57.139920300601254
195,207.20440681362803,207.20340681362816,57.186834889779604
196,208.0080140280569,208.007014028057,57.23374947895796
197,208.81162124248573,208.81062124248587,57.28066406813632
198,209.61522845691462,209.6142284569147,57.32757865731468
199,210.41883567134343,210.41783567134357,57.37449324649303
200,211.22244288577232,211.22144288577246,57.421407835671396
201,212.02605010020116,212.02505010020127,57.46832242484975
202,212.82965731463003,212.82865731463014,57.5152370140281
203,213.6332645290589,213.63226452905903,57.562151603206466
204,214.43687174348776,214.43587174348784,57.60906619238482
205,215.2404789579166,215.23947895791673,57.65598078156317
206,216.0440861723455,216.0430861723456,57.70289537074153
207,216.84769338677432,216.84669338677443,57.74980995991988
208,217.6513006012032,217.6503006012033,57.79672454909824
209,218.45490781563203,218.45390781563214,57.8436391382766
210,219.25851503006092,219.25751503006103,57.890553727454964
211,220.06212224448976,220.06112224448987,57.937468316633314
212,220.86572945891862,220.86472945891873,57.98438290581167
213,221.66933667334746,221.6683366733476,58.03129749499002
214,222.47294388777635,222.47194388777646,58.078212084168385
215,223.2765511022052,223.2755511022053,58.125126673346735
216,224.08015831663403,224.07915831663416,58.172041262525084
217,224.8837655310629,224.882765531063,58.2198779821929
218,225.68737274549173,225.68637274549184,58.27451050100206
219,226.49097995992065,226.48997995992073,58.33154089779565
220,227.2945871743494,227.29358717434954,58.388571294589234
221,228.09819438877832,228.09719438877846,58.445601691382834
222,228.90180160320713,228.90080160320724,58.50263208817641
223,229.70540881763606,229.70440881763614,58.55966248497
224,230.50901603206484,230.50801603206494,58.61669288176358
225,231.31262324649376,231.31162324649387,58.673723278557176
226,232.11623046092257,232.11523046092265,58.730753675350755
227,232.91983767535146,232.9188376753516,58.78778407214435
228,233.72344488978027,233.72244488978038,58.84481446893793
229,234.5270521042092,234.5260521042093,58.901844865731526
230,235.330659318638,235.3296593186381,58.9588752625251
231,236.1342665330669,236.133266533067,59.01590565931869
232,236.93787374749567,236.9368737474958,59.07293605611228
233,237.74148096192462,237.74048096192476,59.12996645290586
234,238.5450881763534,238.5440881763535,59.186996849699455
235,239.34869539078232,239.34769539078243,59.24402724649305
236,240.15230260521113,240.15130260521124,59.30105764328663
237,240.95590981964006,240.95490981964014,59.35808804008022
238,241.75951703406884,241.75851703406894,59.415118436873804
239,242.5631242484978,242.56212424849787,59.4721488336674
240,243.36673146292657,243.36573146292665,59.52917923046097
241,244.1703386773555,244.16933867735557,59.58620962725457
242,244.97394589178427,244.97294589178435,59.64324002404814
243,245.7775531062132,245.7765531062133,59.70027042084175
244,246.58116032064197,246.58016032064205,59.75730081763532
245,247.38476753507084,247.38376753507094,59.814331214428904
246,248.1883747494997,248.1873747494998,59.871361611222504
247,248.99198196392857,248.99098196392865,59.92839200801608
248,249.79558917835743,249.7945891783575,59.96582393344605
249,250.59919639278627,250.59819639278638,59.957547198396746
250,251.40280360721513,251.40180360721524,59.90051680160316
251,252.206410821644,252.20541082164408,59.84348640480957
252,253.01001803607284,253.00901803607294,59.78645600801598
253,253.81362525050173,253.8126252505018,59.72942561122239
254,254.61723246493057,254.61623246493065,59.6723952144288
255,255.4208396793594,255.41983967935948,59.61536481763522
256,256.2244468937883,256.2234468937884,59.55833442084163
257,257.02805410821713,257.0270541082172,59.501304024048046
258,257.83166132264597,257.83066132264605,59.444273627254454
259,258.63526853707486,258.63426853707495,59.387243230460875
260,259.4388757515037,259.4378757515038,59.33021283366729
261,260.24248296593254,260.2414829659327,59.2731824368737
262,261.0460901803614,261.0450901803615,59.21615204008012
263,261.84969739479027,261.84869739479035,59.159121643286525
264,262.6533046092191,262.6523046092192,59.10209124649293
265,263.45691182364794,263.455911823648,59.04506084969935
266,264.26051903807684,264.2595190380769,58.98803045290577
267,265.0641262525057,265.06312625250575,58.93100005611218
268,265.8677334669345,265.8667334669346,58.87396965931859
269,266.6713406813634,266.6703406813635,58.816939262525
270,267.47494789579224,267.4739478957923,58.75990886573141
271,268.27855511022113,268.27755511022116,58.702878468937826
272,269.08216232464997,269.08116232465005,58.64584807214423
273,269.8857695390788,269.8847695390789,58.588817675350654
274,270.6893767535077,270.6883767535078,58.53178727855705
275,271.49298396793654,271.49198396793656,58.474756881763476
276,272.2965911823654,272.29559118236546,58.4177264849699
277,273.1001983967942,273.09919839679435,58.3606960881763
278,273.9038056112231,273.9028056112232,58.30366569138272
279,274.70741282565194,274.706412825652,58.24690345835555
280,275.51102004008084,275.5100200400809,58.19602503006008
281,276.3146272545097,276.31362725450975,58.14911044088173
282,277.11823446893845,277.11723446893853,58.10219585170337
283,277.92184168336735,277.92084168336737,58.05528126252501
284,278.7254488977962,278.72444889779626,58.00836667334665
285,279.529056112225,279.5280561122251,57.9614520841683
286,280.3326633266539,280.33166332665394,57.91453749498996
287,281.13627054108275,281.1352705410828,57.86762290581159
288,281.9398777555116,281.93887775551167,57.82070831663323
289,282.7434849699405,282.74248496994056,57.773793727454866
290,283.5470921843693,283.54609218436934,57.72687913827651
291,284.35069939879816,284.34969939879824,57.67996454909816
292,285.15430661322705,285.1533066132271,57.633049959919795
293,285.9579138276559,285.95691382765597,57.586135370741445
294,286.7615210420847,286.7605210420848,57.53922078156309
295,287.5651282565136,287.56412825651364,57.49230619238474
296,288.3687354709425,288.36773547094253,57.44539160320638
297,289.17234268537135,289.17134268537137,57.39847701402802
298,289.9759498998001,289.9749498998002,57.35156242484966
299,290.779557114229,290.77855711422905,57.30464783567131
300,291.58316432865786,291.58216432865794,57.25773324649295
301,292.3867715430867,292.3857715430868,57.210818657314604
302,293.19037875751553,293.1893787575156,57.16390406813623
303,293.9939859719444,293.9929859719445,57.116989478957876
304,294.79759318637326,294.79659318637334,57.07007488977952
305,295.60120040080216,295.6002004008022,57.02316030060118
306,296.404807615231,296.4038076152311,56.97624571142282
307,297.2084148296599,297.2074148296599,56.92933112224445
308,298.0120220440887,298.01102204408875,56.882416533066106
309,298.81562925851756,298.81462925851764,56.835501943887735
310,299.6192364729464,299.6182364729465,56.78359428200684
311,300.4228436873753,300.4218436873753,56.71233264239899
312,301.2264509018041,301.22545090180415,56.61923118637268
313,302.03005811623296,302.02905811623305,56.52278867735465
314,302.83366533066186,302.8326653306619,56.42634616833661
315,303.6372725450907,303.6362725450908,56.32990365931857
316,304.44087975951953,304.43987975951956,56.233461150300535
317,305.2444869739484,305.24348697394845,56.137018641282495
318,306.04809418837726,306.04709418837734,56.04057613226446
319,306.8517014028061,306.8507014028062,55.94413362324642
320,307.655308617235,307.654308617235,55.8476911142284
321,308.45891583166383,308.4579158316639,55.75124860521036
322,309.26252304609267,309.26152304609275,55.65480609619232
323,310.0661302605215,310.0651302605216,55.558363587174284
324,310.86973747495034,310.8687374749504,55.46192107815625
325,311.67334468937923,311.6723446893793,55.365478569138205
326,312.47695190380813,312.47595190380815,55.26903606012017
327,313.28055911823697,313.279559118237,55.17259355110215
328,314.0841663326658,314.0831663326658,55.07615104208411
329,314.8877735470947,314.8867735470947,54.97970853306606
330,315.69138076152353,315.69038076152356,54.88326602404803
331,316.49498797595237,316.4939879759524,54.78682351503
332,317.2985951903812,317.2975951903813,54.69038100601196
333,318.10220240481004,318.10120240481007,54.59393849699394
334,318.9058096192389,318.9048096192389,54.4974959879759
335,319.7094168336678,319.7084168336678,54.40105347895786
336,320.5130240480966,320.51202404809663,54.30461096993983
337,321.31663126252545,321.31563126252547,54.20816846092179
338,322.1202384769543,322.11923847695437,54.11172595190375
339,322.9238456913832,322.9228456913832,54.01528344288572
340,323.727452905812,323.72645290581204,53.918840933867685
341,324.53106012024085,324.53006012024093,53.82242246812659
342,325.33466733466975,325.33366733466977,53.74444850842362
343,326.1382745490986,326.1372745490986,53.690034609218415
344,326.9418817635274,326.94088176352744,53.63635686172342
345,327.74548897795626,327.74448897795634,53.582679114228426
346,328.54909619238515,328.5480961923852,53.52900136673345
347,329.35270340681404,329.35170340681407,53.47532361923845
348,330.1563106212428,330.15531062124285,53.42164587174346
349,330.9599178356717,330.95891783567174,53.36796812424846
350,331.76352505010055,331.7625250501006,53.31429037675348
351,332.5671322645294,332.5661322645294,53.26061262925849
352,333.3707394789582,333.36973947895825,53.2069348817635
353,334.1743466933871,334.17334669338715,53.1532571342685
354,334.97795390781596,334.976953907816,53.09957938677352
355,335.78156112224485,335.7805611222449,53.045901639278526
356,336.5851683366737,336.5841683366737,52.99222389178354
357,337.3887755511025,337.38777555110255,52.93854614428855
358,338.1923827655314,338.19138276553144,52.884868396793564
359,338.9959899799602,338.9949899799602,52.83119064929858
360,339.79959719438915,339.7985971943891,52.77751290180358
361,340.603204408818,340.602204408818,52.72383515430859
362,341.4068116232468,341.40581162324685,52.6701574068136
363,342.21041883767566,342.2094188376757,52.616479659318614
364,343.01402605210455,343.0130260521046,52.56280191182362
365,343.81763326653333,343.81663326653336,52.50912416432865
366,344.62124048096223,344.62024048096225,52.455446416833645
367,345.4248476953911,345.42384769539115,52.40176866933865
368,346.2284549098199,346.2274549098199,52.34809092184367
369,347.0320621242488,347.0310621242488,52.294413174348676
370,347.83566933867763,347.83466933867766,52.24073542685368
371,348.63927655310647,348.6382765531065,52.1870576793587
372,349.44288376753536,349.44188376753533,52.133379931863715
373,350.2464909819642,350.24549098196417,52.08116716528045
374,351.05009819639304,351.04909819639306,52.04126573547092
375,351.8537054108219,351.8527054108219,51.99926279358716
376,352.65731262525077,352.6563126252508,51.9572598517034
377,353.4609198396796,353.4599198396796,51.915256909819625
378,354.2645270541085,354.26352705410847,51.87325396793585
379,355.06813426853734,355.06713426853736,51.831251026052094
380,355.8717414829662,355.8707414829662,51.78924808416832
381,356.67534869739507,356.67434869739503,51.74724514228454
382,357.4789559118239,357.4779559118239,51.70524220040079
383,358.2825631262528,358.28156312625276,51.66323925851702
384,359.0861703406815,359.08517034068154,51.62123631663325
385,359.88977755511036,359.88877755511044,51.57923337474949
386,360.69338476953925,360.6923847695393,51.53723043286572
387,361.49699198396814,361.4959919839681,51.495227490981954
388,362.300599198397,362.29959919839695,51.45322454909819
389,363.1042064128258,363.1032064128258,51.41122160721443
390,363.9078136272547,363.90681362725473,51.36921866533065
391,364.71142084168355,364.7104208416836,51.3272157234469
392,365.5150280561124,365.5140280561124,51.28521278156312
393,366.3186352705412,366.31763527054125,51.24320983967935
394,367.12224248497006,367.1212424849701,51.201206897795586
395,367.92584969939895,367.924849699399,51.15920395591181
396,368.7294569138278,368.7284569138278,51.11720101402805
397,369.5330641282567,369.5320641282567,51.07519807214429
398,370.33667134268546,370.3356713426855,51.03319513026052
399,371.14027855711436,371.1392785571144,50.99119218837674
400,371.94388577154325,371.9428857715433,50.94918924649298
401,372.7474929859721,372.7464929859721,50.90718630460921
402,373.5511002004009,373.55010020040095,50.86518336272543
403,374.3547074148298,374.3537074148298,50.82318042084167
404,375.15831462925865,375.1573146292587,50.78821664156369
405,375.96192184368743,375.96092184368746,50.77048521442886
406,376.7655290581164,376.76452905811635,50.75466701002004
407,377.5691362725452,377.56813627254525,50.73884880561122
408,378.37274348697406,378.371743486974,50.7230306012024
409,379.1763507014029,379.1753507014029,50.70721239679358
410,379.9799579158318,379.9789579158318,50.69139419238476
411,380.78356513026057,380.7825651302606,50.675575987975954
412,381.5871723446895,381.5861723446895,50.65975778356713
413,382.39077955911836,382.3897795591183,50.643939579158314
414,383.1943867735472,383.19338677354716,50.6281213747495
415,383.99799398797603,383.99699398797605,50.61230317034068
416,384.80160120240487,384.8006012024049,50.596484965931865
417,385.6052084168337,385.6042084168337,50.58066676152304
418,386.4088156312626,386.4078156312626,50.56484855711423
419,387.2124228456915,387.21142284569146,50.54903035270541
420,388.0160300601203,388.0150300601203,50.5332121482966
421,388.81963727454917,388.8186372745492,50.517393943887775
422,389.62324448897795,389.62224448897797,50.50157573947896
423,390.42685170340684,390.42585170340686,50.48575753507014
424,391.23045891783573,391.2294589178357,50.469939330661326
425,392.0340661322646,392.0330661322646,50.4541211262525
426,392.83767334669346,392.83667334669343,50.438302921843686
427,393.6412805611223,393.64028056112227,50.42248471743487
428,394.44488777555114,394.44388777555116,50.40666651302606
429,395.24849498998003,395.24749498998,50.390848308617244
430,396.05210220440887,396.0511022044089,50.37503010420842
431,396.85570941883765,396.8547094188377,50.3592118997996
432,397.65931663326654,397.65831663326657,50.34339369539078
433,398.46292384769544,398.46192384769546,50.327575490981964
434,399.2665310621243,399.2655310621243,50.31175728657314
435,400.0701382765531,400.06913827655313,50.29722081577985
436,400.87374549098195,400.87274549098197,50.2895674749499
437,401.6773527054108,401.6763527054108,50.28244751503006
438,402.4809599198397,402.47995991983964,50.27532755511022
439,403.2845671342685,403.28356713426854,50.268207595190376
440,404.08817434869735,404.0871743486974,50.26108763527054
441,404.89178156312624,404.8907815631262,50.2539676753507
442,405.6953887775551,405.69438877755505,50.24684771543087
443,406.4989959919839,406.49799599198394,50.239727755511026
444,407.30260320641275,407.3016032064127,50.23260779559119
445,408.10621042084165,408.1052104208416,50.225487835671345
446,408.90981763527043,408.90881763527045,50.21836787575151
447,409.7134248496993,409.71242484969935,50.21124791583166
448,410.51703206412816,410.5160320641281,50.204127955911815
449,411.320639278557,411.319639278557,50.19700799599198
450,412.12424649298583,412.12324649298586,50.18988803607215
451,412.9278537074147,412.92685370741475,50.1827680761523
452,413.73146092184356,413.7304609218436,50.17564811623246
453,414.53506813627246,414.5340681362724,50.16852815631263
454,415.33867535070124,415.33767535070126,50.16140819639279
455,416.1422825651302,416.14128256513015,50.15428823647295
456,416.945889779559,416.944889779559,50.1471682765531
457,417.74949699398786,417.7484969939879,50.140048316633255
458,418.5531042084167,418.55210420841667,50.13292835671343
459,419.3567114228456,419.35571142284556,50.125808396793595
460,420.16031863727443,420.1593186372744,50.118688436873754
461,420.96392585170327,420.9629258517033,50.11156847695391
462,421.7675330661321,421.7665330661321,50.10444851703407
463,422.571140280561,422.570140280561,50.09732855711423
464,423.37474749498983,423.37374749498986,50.09020859719439
465,424.1783547094187,424.1773547094187,50.08308863727455
466,424.98196192384756,424.9809619238476,50.07673204778295
467,425.7855691382764,425.7845691382764,50.07402687374749
468,426.5891763527053,426.5881763527053,50.072210721442886
469,427.3927835671341,427.3917835671341,50.07039456913829
470,428.19639078156297,428.195390781563,50.068578416833674
471,428.9999979959918,428.9989979959918,50.06676226452906
472,429.8036052104207,429.80260521042067,50.064946112224455
473,430.6072124248495,430.6062124248495,50.06312995991985
474,431.4108196392784,431.4098196392784,50.061313807615235
475,432.21442685370727,432.2134268537073,50.05949765531062
476,433.0180340681361,433.0170340681361,50.05768150300601
477,433.82164128256494,433.82064128256496,50.055865350701396
478,434.62524849699383,434.62424849699386,50.0540491983968
479,435.42885571142267,435.4278557114227,50.052233046092184
480,436.2324629258515,436.23146292585153,50.05041689378757
481,437.03607014028034,437.0350701402803,50.048600741482964
482,437.83967735470924,437.83867735470926,50.04678458917836
483,438.643284569138,438.64228456913804,50.04496843687375
484,439.4468917835669,439.44589178356694,50.043152284569146
485,440.2504989979958,440.2494989979958,50.04133613226453
486,441.05410621242464,441.05310621242467,50.03951997995992
487,441.8577134268534,441.85671342685345,50.03770382765531
488,442.66132064128226,442.6603206412823,50.0358876753507
489,443.4649278557112,443.46392785571123,50.034071523046094
490,444.26853507014005,444.26753507014007,50.03225537074148
491,445.0721422845689,445.0711422845689,50.03043921843688
492,445.8757494989977,445.87474949899774,50.02862306613227
493,446.67935671342656,446.6783567134266,50.026806913827656
494,447.4829639278554,447.4819639278554,50.02499076152304
495,448.2865711422843,448.2855711422843,50.02317460921843
496,449.0901783567132,449.0891783567132,50.02135845691382
497,449.893785571142,449.89278557114204,50.01963769718997
498,450.6973927855708,450.6963927855708,50.018854308617236
499,451.50099999999975,451.4999999999998,50.018339999999995
